Employee ID,First Name,Last Name,Age,Department,Salary
8421,EKPUmDZJdP,WzPkIJ,58,SzryGkM,60726.4
7406,eTSCB,ScqRHKVOf,30,ezXwpWznj,93743.45
8825,QtoRCRn,tKaHzvOd,23,XRlZuJDS,93001.11
3684,xEseskg,bGypAQLcPS,47,MWHfKaeLCS,97185.83
1325,arNzQpoUoA,UvgFQLMm,24,oelTjAe,45357.0
7306,pbbYNhl,UFKQiUqABV,23,cpauj,64301.55
2169,wCtOaVDCEX,WfgLG,55,iVUJBctda,84186.73
7138,HkKSY,qaYHOtcX,55,XyBocVqORW,50432.23
2320,zbzJb,qCXMHx,59,tscxBip,82279.97
3256,YcqVhXpIj,kHAYFcY,32,SPHxj,67238.86
5172,cSLzqNIc,FtXXcVRHF,36,mtQxXuYI,79191.64
8970,GEplT,kaQrPA,58,NtqQCu,58135.97
9058,GjHRDcG,dMKeKXc,30,iaFggVfyAh,45774.02
5746,PIwFbVIPp,ShIBrLgqW,33,qIqGyAa,44989.62
3530,XTlxpLPQLY,AecDPUt,49,uzqrcQZW,95011.45
1681,NSVsAaZibp,UWZGKRaP,43,VdTNnuvbg,98380.37
7327,czCrd,GoNcH,29,OzbCdtbI,76634.82
8226,ZNMjs,AvQZKXnPJt,35,nizztt,32370.23
1837,VgwBuyDKHh,azQzRsLRAK,32,GLsrpPpA,30779.37
2499,AgPXw,RChjCqbmC,37,WFDlqvZS,60403.29
6577,MOnRkO,VvrdSro,43,oYSqpfcHDE,54496.07
9136,ALaeelm,nHjkE,22,kbvMrMgLX,67701.45
7410,caDPVWKZ,IHsZskYWm,20,boOuFpRLs,40963.22
3628,JbHpHeB,XYXtzjhnu,20,CXvtVDb,64093.17
4675,Ijrmy,JcUhkwD,56,gsHvoKMkf,86176.1
3817,rLTom,jnuHqlpDAN,48,xzzuATzkx,39782.07
2569,ecPqIWo,YrSmZD,21,RDbvLR,88953.0
5587,WTHkuXhsh,VDGTt,60,WtifQ,48810.64
8436,BgDmvw,UFFngy,39,nYWFvwd,63305.39
2150,yMoPRV,zSGbMOQaE,35,VgVdxf,88438.08
8980,wDcyUc,dZUmLzK,30,aaHEUHtstT,84382.45
9918,FrMVl,sPrmHtPk,40,cufzKp,96465.84
8765,yjwTOB,RSnWMZqy,30,rENnJsNrmj,88135.99
1071,KwDKnOA,ftDniqiYWM,25,WzuBoImCsB,43170.33
3736,wGrfGiD,bPVEyKniQS,32,OhLAeTATDx,96468.84
5204,drQTODDy,AJjeHsqzDK,59,jxpoql,38838.32
5236,bDSozyC,UBXgYlX,29,MapaEABO,55727.62
1421,uclHgWXv,LyQPIHc,33,RyajnFaSPF,31055.94
8557,zcIUMJitM,biFmuV,27,HekdCjBZlG,51377.47
3022,QpThACClOT,ZhrFeUPgrW,45,nfOUiVfCsj,97306.09
8775,eZVoE,rCWkW,47,tqFRTDB,90069.68
6012,RuoUN,CjYDggE,46,JAkNXGum,40205.31
1560,fjYVyQ,TkgEIIt,27,clAUvka,89355.11
8125,ugXHPQF,IdOYW,40,sPQFfFN,35646.13
5954,oqlgP,RnowHphLsn,55,pzRRfFzxl,95342.99
9149,pDgmK,FydpCx,41,WalQDCjIq,63147.02
5026,elUym,QuGyJJM,34,Jquis,32099.66
2889,GOeBPwe,kadlgLFK,45,hpqWvvezJ,57260.48
4975,mGIlgkM,BnaKhJGx,42,LbbhmJEA,37667.54
6399,RJxTlACq,FGPCP,60,DixNB,39984.71
3445,YMGnQGe,TueCiRvM,26,owKyf,55692.62
2416,QWbvK,GVDAG,21,aMuixtmwa,34470.99
7655,RfSNKhhx,yeUmXAPL,60,QtXax,85751.27
2873,LwcsNyUUC,kWcWG,37,epmZvVTySU,35721.6
2095,wAXywzKjT,XvbkRX,57,YoSMUI,78825.94
8722,FGRrY,OYRdLwDNRu,24,cYAuiwKp,85093.55
8734,vPCqN,DDZUiJLK,42,EzDJb,88889.44
1820,pyZnhHTNkH,SljPsyhdoV,20,SPGExdmED,44078.35
3232,hVaPmOxqqM,lhwlw,44,XbCBYF,64335.79
6122,oqrsYAhL,WCyABxg,29,FLTMkx,87999.22
3101,zMhFtLVNN,FAWiE,26,MkrQkN,31130.09
9330,oDkYDUCtcI,euLZFJTM,60,HvwVnK,66698.06
8020,JwkKItFYj,ahLaCf,55,IbqFCnZXc,74219.19
7106,XNKSV,irdIwgMuA,37,xodcu,66622.77
5719,iIBZeZ,arPcdThc,42,BlyDy,42707.4
5752,omHJNaOPMp,dpUft,46,PEont,51991.04
2382,ZdxYhawb,RYDzZxhn,34,XfxAxTFRF,83752.12
8646,VulpeMGHF,MhnLU,53,IGskJd,45912.23
5435,cExDrnajJP,CriDrDnVQ,30,iexqvVS,50475.07
1108,MwrRoyH,utNpVHXYQ,39,PaTGBiP,86929.72
9991,CmnhPKJ,DmzEL,60,LjZMXa,86043.34
8581,myODsKU,pNaIgm,25,pzWnDVefz,48438.96
2923,riGqLaByYS,ilOxEVZ,60,SIMyk,57995.3
6463,zEFhXgH,thwINRnOWd,39,NixmZPQL,89644.96
1702,qlpfs,gANHniKJC,36,KCswlHM,96289.86
6498,boqKWAd,qjFwFokH,31,mOAZno,98586.87
3862,xJXRFV,aFzCx,47,QefYVzdO,97966.0
6921,txDZADPJl,qSsQZDYp,52,YQvOUQ,70183.53
6822,ZsgWgG,SbBoBb,26,bkktr,85658.0
3207,bvXXA,PcFulLUH,33,sJgPWGpC,59830.85
7544,qPHfjyIT,eyEcfw,44,xPNitVGi,43233.35
5205,iBPsE,YQfcDQKPb,43,RrBSSAMo,53742.44
3327,rQjwOtUt,EfhGALkbtu,20,JQbTNw,40699.83
6088,mltPpP,iImihNjN,52,idJRWorRnl,73818.7
5229,GYmhWTN,vElZLPBtOa,36,TxthIDFEOj,91390.78
4213,SpNZoV,CwMtPRqsVW,27,sfpRav,86713.41
3637,mccsrKsIQ,NjOuPcI,60,cblpVCW,65465.98
6704,WxsLkc,pULkPYjJ,57,nWtJiA,35070.35
6498,oVSVLth,cEdDJEWnS,23,dhCdpfA,41534.98
7925,WInlkRB,CTEDRO,43,RQXaNqcMbG,75239.49
3471,OcRME,YSJCgSp,54,rmASv,80364.16
7591,sjTgnuvyA,rwYkE,31,dFoovv,54945.95
8913,qaEoWVxMx,UXSjLHys,58,cdLhjoY,80869.77
4790,VSZulMNnO,cTybP,23,vtwHReLWd,93461.23
2304,aOnShEDay,YxjulGirY,28,hMOUqPqXF,99499.07
9204,inSRJnvVEv,WCvIzHLac,36,kdDxXXQ,98458.46
6874,FgkPUmwA,JwipdEG,49,NhTsmLlnB,93816.09
1296,fbFvEsYk,vqBkZYmH,57,VPRKMvjrO,40498.68
6787,NNjWiO,bfbhhD,47,CmTeCaIGLv,55536.87
7000,bmMCMXWURB,FoXjuphfa,59,XDchyhE,76331.56
